Workbook

Sheet Stats Input
A1: Volleyball Stats Tracker by Triet Nguyen
A2: Match | B2: Set | C2: Player | D2: Serves | E2: Aces | F2: Serve errors | G2: Pass Attempts | H2: Perfect Passes | I2: Pass Percentage | J2: Hit Attempts | K2: Kills | L2: Hit Errors | M2: Hit Efficiency | N2: Set Attempts | O2: Assists | P2: Block Attempts | Q2: Blocks | R2: Block Errors | S2: Digs | T2: Serve Efficiency
A3: 1 | B3: 1 | C3: P1 | D3: 5 | E3: 1 | F3: 0 | G3: 10 | H3: 7 | I3: =IFERROR(H3/G3,"") -> 0.7 | J3: 15 | K3: 8 | L3: 2 | M3: =IFERROR((K3-L3)/J3,"") -> 0.4 | N3: 3 | O3: 5 | P3: 12 | Q3: 4 | R3: 7 | S3: 2 | T3: =IFERROR((D3-F3)/D3,"") -> 1
A4: 1 | B4: 1 | C4: P2 | D4: 5 | E4: 1 | F4: 0 | G4: 8 | H4: 5 | I4: =IFERROR(H4/G4,"") -> 0.625 | J4: 10 | K4: 4 | L4: 3 | M4: =IFERROR((K4-L4)/J4,"") -> 0.1 | N4: 20 | O4: 17 | P4: 17 | Q4: 3 | R4: 14 | S4: 4 | T4: =IFERROR((D4-F4)/D4,"") -> 1
A5: 1 | B5: 1 | C5: P3 | D5: 5 | E5: 1 | F5: 0 | G5: 12 | H5: 9 | I5: =IFERROR(H5/G5,"") -> 0.75 | J5: 20 | K5: 12 | L5: 2 | M5: =IFERROR((K5-L5)/J5,"") -> 0.5 | N5: 4 | O5: 13 | P5: 4 | Q5: 1 | R5: 3 | S5: 2 | T5: =IFERROR((D5-F5)/D5,"") -> 1
A6: 1 | B6: 1 | C6: P4 | D6: 5 | E6: 1 | F6: 0 | G6: 6 | H6: 3 | I6: =IFERROR(H6/G6,"") -> 0.5 | J6: 8 | K6: 3 | L6: 1 | M6: =IFERROR((K6-L6)/J6,"") -> 0.25 | N6: 1 | O6: 3 | P6: 3 | Q6: 1 | R6: 2 | S6: 1 | T6: =IFERROR((D6-F6)/D6,"") -> 1
A7: 1 | B7: 1 | C7: P5 | D7: 5 | E7: 1 | F7: 0 | G7: 9 | H7: 6 | I7: =IFERROR(H7/G7,"") -> 0.66666667 | J7: 12 | K7: 6 | L7: 2 | M7: =IFERROR((K7-L7)/J7,"") -> 0.33333333 | N7: 3 | O7: 5 | P7: 5 | Q7: 1 | R7: 4 | S7: 5 | T7: =IFERROR((D7-F7)/D7,"") -> 1
A8: 1 | B8: 1 | C8: P6 | D8: 5 | E8: 1 | F8: 0 | G8: 7 | H8: 4 | I8: =IFERROR(H8/G8,"") -> 0.57142857 | J8: 10 | K8: 4 | L8: 3 | M8: =IFERROR((K8-L8)/J8,"") -> 0.1 | N8: 8 | O8: 5 | P8: 9 | Q8: 2 | R8: 7 | S8: 2 | T8: =IFERROR((D8-F8)/D8,"") -> 1
A9: 1 | B9: 1 | C9: P7 | I9: =IFERROR(H9/G9,"") | J9: =IFERROR((H9-I9)/G9,"") | Q9: =IFERROR((#REF!-#REF!)/#REF!,"")
A10: 1 | B10: 1 | C10: P8 | I10: =IFERROR(H10/G10,"") | J10: =IFERROR((H10-I10)/G10,"") | Q10: =IFERROR((#REF!-#REF!)/#REF!,"")
A11: 1 | B11: 1 | C11: P9 | I11: =IFERROR(H11/G11,"") | J11: =IFERROR((H11-I11)/G11,"") | Q11: =IFERROR((#REF!-#REF!)/#REF!,"")
A12: 1 | B12: 1 | C12: P10 | I12: =IFERROR(H12/G12,"") | J12: =IFERROR((H12-I12)/G12,"") | Q12: =IFERROR((#REF!-#REF!)/#REF!,"")
A13: 1 | B13: 1 | C13: P11 | I13: =IFERROR(H13/G13,"") | J13: =IFERROR((H13-I13)/G13,"") | Q13: =IFERROR((#REF!-#REF!)/#REF!,"")
A14: 1 | B14: 1 | C14: P12 | I14: =IFERROR(H14/G14,"") | J14: =IFERROR((H14-I14)/G14,"") | Q14: =IFERROR((#REF!-#REF!)/#REF!,"")
A15: 1 | B15: 1 | C15: P13 | I15: =IFERROR(H15/G15,"") | J15: =IFERROR((H15-I15)/G15,"") | Q15: =IFERROR((#REF!-#REF!)/#REF!,"")
A16: 1 | B16: 1 | C16: P14 | I16: =IFERROR(H16/G16,"") | J16: =IFERROR((H16-I16)/G16,"") | Q16: =IFERROR((#REF!-#REF!)/#REF!,"")
A17: 1 | B17: 1 | C17: P15 | I17: =IFERROR(H17/G17,"") | J17: =IFERROR((H17-I17)/G17,"") | Q17: =IFERROR((#REF!-#REF!)/#REF!,"")
M18: =IFERROR((K18-L18)/J18,"") | T18: =IFERROR((D18-F18)/D18,"")
M19: =IFERROR((K19-L19)/J19,"") | T19: =IFERROR((D19-F19)/D19,"")
A20: ^^^Sample Numbers above. ^^^ | M20: =IFERROR((K20-L20)/J20,"") | T20: =IFERROR((D20-F20)/D20,"")
M21: =IFERROR((K21-L21)/J21,"") | T21: =IFERROR((D21-F21)/D21,"")
A22: Don’t change functions. Just change players and numbers. Everything will change accordingly. | T22: =IFERROR((D22-F22)/D22,"")
M23: =IFERROR((K23-L23)/J23,"") | T23: =IFERROR((D23-F23)/D23,"")
M24: =IFERROR((K24-L24)/J24,"") | T24: =IFERROR((D24-F24)/D24,"")
A25: Hit Efficiency = Kills - Errors / Attempts | M25: =IFERROR((K25-L25)/J25,"") | T25: =IFERROR((D25-F25)/D25,"")
A26: Serve Efficiency = Serves - Errors / Serves | M26: =IFERROR((K26-L26)/J26,"") | T26: =IFERROR((D26-F26)/D26,"")
A27: Pass Percentage = Perfect Passes / Pass Attempts | M27: =IFERROR((K27-L27)/J27,"") | T27: =IFERROR((D27-F27)/D27,"")
M28: =IFERROR((K28-L28)/J28,"") | T28: =IFERROR((D28-F28)/D28,"")
M29: =IFERROR((K29-L29)/J29,"") | T29: =IFERROR((D29-F29)/D29,"")
M30: =IFERROR((K30-L30)/J30,"") | T30: =IFERROR((D30-F30)/D30,"")
M31: =IFERROR((K31-L31)/J31,"") | T31: =IFERROR((D31-F31)/D31,"")
M32: =IFERROR((K32-L32)/J32,"") | T32: =IFERROR((D32-F32)/D32,"")
M33: =IFERROR((K33-L33)/J33,"") | T33: =IFERROR((D33-F33)/D33,"")
M34: =IFERROR((K34-L34)/J34,"") | T34: =IFERROR((D34-F34)/D34,"")
M35: =IFERROR((K35-L35)/J35,"") | T35: =IFERROR((D35-F35)/D35,"")
M36: =IFERROR((K36-L36)/J36,"") | T36: =IFERROR((D36-F36)/D36,"")
M37: =IFERROR((K37-L37)/J37,"") | T37: =IFERROR((D37-F37)/D37,"")
M38: =IFERROR((K38-L38)/J38,"") | T38: =IFERROR((D38-F38)/D38,"")
M39: =IFERROR((K39-L39)/J39,"") | T39: =IFERROR((D39-F39)/D39,"")
... M44: =IFERROR((K44-L44)/J44,"") | T44: =IFERROR((D44-F44)/D44,"")

Sheet Summary
A1: Volleyball Stats Tracker by Triet Nguyen
A2: Player | B2: Total Kills | C2: Total Aces | D2: Total Digs | E2: Total Blocks | F2: Avg Hit Effiency | G2: Avg Pass Percentage | H2: Avg Serve Efficiency
A3: P1 | B3: =SUMIF('Stats Input'!C:C,A3,'Stats Input'!K:K) -> 8 | C3: =SUMIF('Stats Input'!C:C,A3,'Stats Input'!E:E) -> 1 | D3: =SUMIF('Stats Input'!C:C,A3,'Stats Input'!S:S) -> 2 | E3: =SUMIF('Stats Input'!C:C,A3,'Stats Input'!Q:Q) -> 4 | F3: =IFERROR(AVERAGEIF('Stats Input'!C:C,A3,'Stats Input'!M:M),"") -> 0.4 | G3: =IFERROR(AVERAGEIF('Stats Input'!C:C,A3,'Stats Input'!I:I),"") -> 0.7 | H3: =IFERROR(AVERAGEIF('Stats Input'!C:C,A3,'Stats Input'!T:T),"") -> 1
A4: P2 | B4: =SUMIF('Stats Input'!C:C,A4,'Stats Input'!K:K) -> 4 | C4: =SUMIF('Stats Input'!C:C,A4,'Stats Input'!E:E) -> 1 | D4: =SUMIF('Stats Input'!C:C,A4,'Stats Input'!S:S) -> 4 | E4: =SUMIF('Stats Input'!C:C,A4,'Stats Input'!Q:Q) -> 3 | F4: =IFERROR(AVERAGEIF('Stats Input'!C:C,A4,'Stats Input'!M:M),"") -> 0.1 | G4: =IFERROR(AVERAGEIF('Stats Input'!C:C,A4,'Stats Input'!I:I),"") -> 0.625 | H4: =IFERROR(AVERAGEIF('Stats Input'!C:C,A4,'Stats Input'!T:T),"") -> 1
A5: P3 | B5: =SUMIF('Stats Input'!C:C,A5,'Stats Input'!K:K) -> 12 | C5: =SUMIF('Stats Input'!C:C,A5,'Stats Input'!E:E) -> 1 | D5: =SUMIF('Stats Input'!C:C,A5,'Stats Input'!S:S) -> 2 | E5: =SUMIF('Stats Input'!C:C,A5,'Stats Input'!Q:Q) -> 1 | F5: =IFERROR(AVERAGEIF('Stats Input'!C:C,A5,'Stats Input'!M:M),"") -> 0.5 | G5: =IFERROR(AVERAGEIF('Stats Input'!C:C,A5,'Stats Input'!I:I),"") -> 0.75 | H5: =IFERROR(AVERAGEIF('Stats Input'!C:C,A5,'Stats Input'!T:T),"") -> 1
A6: P4 | B6: =SUMIF('Stats Input'!C:C,A6,'Stats Input'!K:K) -> 3 | C6: =SUMIF('Stats Input'!C:C,A6,'Stats Input'!E:E) -> 1 | D6: =SUMIF('Stats Input'!C:C,A6,'Stats Input'!S:S) -> 1 | E6: =SUMIF('Stats Input'!C:C,A6,'Stats Input'!Q:Q) -> 1 | F6: =IFERROR(AVERAGEIF('Stats Input'!C:C,A6,'Stats Input'!M:M),"") -> 0.25 | G6: =IFERROR(AVERAGEIF('Stats Input'!C:C,A6,'Stats Input'!I:I),"") -> 0.5 | H6: =IFERROR(AVERAGEIF('Stats Input'!C:C,A6,'Stats Input'!T:T),"") -> 1
A7: P5 | B7: =SUMIF('Stats Input'!C:C,A7,'Stats Input'!K:K) -> 6 | C7: =SUMIF('Stats Input'!C:C,A7,'Stats Input'!E:E) -> 1 | D7: =SUMIF('Stats Input'!C:C,A7,'Stats Input'!S:S) -> 5 | E7: =SUMIF('Stats Input'!C:C,A7,'Stats Input'!Q:Q) -> 1 | F7: =IFERROR(AVERAGEIF('Stats Input'!C:C,A7,'Stats Input'!M:M),"") -> 0.33333333 | G7: =IFERROR(AVERAGEIF('Stats Input'!C:C,A7,'Stats Input'!I:I),"") -> 0.66666667 | H7: =IFERROR(AVERAGEIF('Stats Input'!C:C,A7,'Stats Input'!T:T),"") -> 1
A8: P6 | B8: =SUMIF('Stats Input'!C:C,A8,'Stats Input'!K:K) -> 4 | C8: =SUMIF('Stats Input'!C:C,A8,'Stats Input'!E:E) -> 1 | D8: =SUMIF('Stats Input'!C:C,A8,'Stats Input'!S:S) -> 2 | E8: =SUMIF('Stats Input'!C:C,A8,'Stats Input'!Q:Q) -> 2 | F8: =IFERROR(AVERAGEIF('Stats Input'!C:C,A8,'Stats Input'!M:M),"") -> 0.1 | G8: =IFERROR(AVERAGEIF('Stats Input'!C:C,A8,'Stats Input'!I:I),"") -> 0.57142857 | H8: =IFERROR(AVERAGEIF('Stats Input'!C:C,A8,'Stats Input'!T:T),"") -> 1
A9: P7 | B9: =SUMIF('Stats Input'!C:C,A9,'Stats Input'!K:K) -> 0 | C9: =SUMIF('Stats Input'!C:C,A9,'Stats Input'!E:E) -> 0 | D9: =SUMIF('Stats Input'!C:C,A9,'Stats Input'!S:S) -> 0 | E9: =SUMIF('Stats Input'!C:C,A9,'Stats Input'!Q:Q) -> 0 | F9: =IFERROR(AVERAGEIF('Stats Input'!C:C,A9,'Stats Input'!M:M),"") | G9: =IFERROR(AVERAGEIF('Stats Input'!C:C,A9,'Stats Input'!I:I),"") | H9: =IFERROR(AVERAGEIF('Stats Input'!C:C,A9,'Stats Input'!T:T),"")
A10: P8 | B10: =SUMIF('Stats Input'!C:C,A10,'Stats Input'!K:K) -> 0 | C10: =SUMIF('Stats Input'!C:C,A10,'Stats Input'!E:E) -> 0 | D10: =SUMIF('Stats Input'!C:C,A10,'Stats Input'!S:S) -> 0 | E10: =SUMIF('Stats Input'!C:C,A10,'Stats Input'!Q:Q) -> 0 | F10: =IFERROR(AVERAGEIF('Stats Input'!C:C,A10,'Stats Input'!M:M),"") | G10: =IFERROR(AVERAGEIF('Stats Input'!C:C,A10,'Stats Input'!I:I),"") | H10: =IFERROR(AVERAGEIF('Stats Input'!C:C,A10,'Stats Input'!T:T),"")
A11: P9 | B11: =SUMIF('Stats Input'!C:C,A11,'Stats Input'!K:K) -> 0 | C11: =SUMIF('Stats Input'!C:C,A11,'Stats Input'!E:E) -> 0 | D11: =SUMIF('Stats Input'!C:C,A11,'Stats Input'!S:S) -> 0 | E11: =SUMIF('Stats Input'!C:C,A11,'Stats Input'!Q:Q) -> 0 | F11: =IFERROR(AVERAGEIF('Stats Input'!C:C,A11,'Stats Input'!M:M),"") | G11: =IFERROR(AVERAGEIF('Stats Input'!C:C,A11,'Stats Input'!I:I),"") | H11: =IFERROR(AVERAGEIF('Stats Input'!C:C,A11,'Stats Input'!T:T),"")
A12: P10 | B12: =SUMIF('Stats Input'!C:C,A12,'Stats Input'!K:K) -> 0 | C12: =SUMIF('Stats Input'!C:C,A12,'Stats Input'!E:E) -> 0 | D12: =SUMIF('Stats Input'!C:C,A12,'Stats Input'!S:S) -> 0 | E12: =SUMIF('Stats Input'!C:C,A12,'Stats Input'!Q:Q) -> 0 | F12: =IFERROR(AVERAGEIF('Stats Input'!C:C,A12,'Stats Input'!M:M),"") | G12: =IFERROR(AVERAGEIF('Stats Input'!C:C,A12,'Stats Input'!I:I),"") | H12: =IFERROR(AVERAGEIF('Stats Input'!C:C,A12,'Stats Input'!T:T),"")
A13: P11 | B13: =SUMIF('Stats Input'!C:C,A13,'Stats Input'!K:K) -> 0 | C13: =SUMIF('Stats Input'!C:C,A13,'Stats Input'!E:E) -> 0 | D13: =SUMIF('Stats Input'!C:C,A13,'Stats Input'!S:S) -> 0 | E13: =SUMIF('Stats Input'!C:C,A13,'Stats Input'!Q:Q) -> 0 | F13: =IFERROR(AVERAGEIF('Stats Input'!C:C,A13,'Stats Input'!M:M),"") | G13: =IFERROR(AVERAGEIF('Stats Input'!C:C,A13,'Stats Input'!I:I),"") | H13: =IFERROR(AVERAGEIF('Stats Input'!C:C,A13,'Stats Input'!T:T),"")
A14: P12 | B14: =SUMIF('Stats Input'!C:C,A14,'Stats Input'!K:K) -> 0 | C14: =SUMIF('Stats Input'!C:C,A14,'Stats Input'!E:E) -> 0 | D14: =SUMIF('Stats Input'!C:C,A14,'Stats Input'!S:S) -> 0 | E14: =SUMIF('Stats Input'!C:C,A14,'Stats Input'!Q:Q) -> 0 | F14: =IFERROR(AVERAGEIF('Stats Input'!C:C,A14,'Stats Input'!M:M),"") | G14: =IFERROR(AVERAGEIF('Stats Input'!C:C,A14,'Stats Input'!I:I),"") | H14: =IFERROR(AVERAGEIF('Stats Input'!C:C,A14,'Stats Input'!T:T),"")
... A17: P15 | B17: =SUMIF('Stats Input'!C:C,A17,'Stats Input'!K:K) -> 0 | C17: =SUMIF('Stats Input'!C:C,A17,'Stats Input'!E:E) -> 0 | D17: =SUMIF('Stats Input'!C:C,A17,'Stats Input'!S:S) -> 0 | E17: =SUMIF('Stats Input'!C:C,A17,'Stats Input'!Q:Q) -> 0 | F17: =IFERROR(AVERAGEIF('Stats Input'!C:C,A17,'Stats Input'!M:M),"") | G17: =IFERROR(AVERAGEIF('Stats Input'!C:C,A17,'Stats Input'!I:I),"") | H17: =IFERROR(AVERAGEIF('Stats Input'!C:C,A17,'Stats Input'!T:T),"")
